{
  "diseases": [
    {
      "name": "COVID-19",
      "symptoms": [
        "Fever",
        "Cough",
        "Shortness of breath",
        "Fatigue",
        "Loss of taste or smell"
      ],
      "prevention": [
        "Wear masks",
        "Practice social distancing",
        "Wash hands frequently",
        "Get vaccinated"
      ],
      "treatment": [
        "Rest and hydration",
        "Over-the-counter medications for fever and pain",
        "Antiviral medications in severe cases"
      ]
    },
    {
      "name": "Diabetes",
      "symptoms": [
        "Increased thirst",
        "Frequent urination",
        "Extreme fatigue",
        "Blurred vision"
      ],
      "prevention": [
        "Maintain a healthy weight",
        "Eat a balanced diet",
        "Exercise regularly",
        "Monitor blood sugar levels"
      ],
      "treatment": [
        "Insulin therapy",
        "Oral medications",
        "Lifestyle changes"
      ]
    },
    {
      "name": "Hypertension",
      "symptoms": [
        "Headaches",
        "Shortness of breath",
        "Nosebleeds",
        "Flushing"
      ],
      "prevention": [
        "Eat a healthy diet",
        "Reduce salt intake",
        "Exercise regularly",
        "Avoid excessive alcohol consumption"
      ],
      "treatment": [
        "Antihypertensive medications",
        "Lifestyle modifications",
        "Regular monitoring"
      ]
    },
    {
      "name": "Asthma",
      "symptoms": [
        "Wheezing",
        "Coughing",
        "Chest tightness",
        "Shortness of breath"
      ],
      "prevention": [
        "Avoid triggers (smoke, dust, allergens)",
        "Use inhalers as prescribed",
        "Maintain a healthy lifestyle"
      ],
      "treatment": [
        "Inhaled corticosteroids",
        "Bronchodilators",
        "Avoidance of triggers"
      ]
    }
  ]
}